Image,Vegetation %,Water %,Road %,Building %
AER.jpg,12.252708333333333,26.179999999999996,4.098125,56.219791666666666
